USE SuperMarket;

INSERT INTO store (name) VALUES
('فرع رام الله'),
('فرع البيرة'),
('فرع بيرزيت');

INSERT INTO warehouse (location) VALUES
('مستودع رام الله'),
('مستودع البيرة');

INSERT INTO category (name) VALUES
('منتجات ألبان'),
('مشروبات'),
('الفواكه والخضار'),
('اللحوم'),
('التسالي'),
('مخبوزات');

-- 4. إضافة الموردين (supplier)
INSERT INTO supplier (name) VALUES
('مورد ألبان فلسطين'),
('مورد مشروبات الشرق'),
('مورد زراعي نابلس'),
('ملحمة الامين'),
('العالمية للتسالي'),
('مخابز القمح الذهبي');

INSERT INTO customer (name, phone_number, email) VALUES
('محمد أحمد', '0599123456', 'mohammad@example.com'),
('فاطمة خالد', '0598765432', 'fatima@example.com'),
('علي حسن', '0597654321', 'ali@example.com'),
('رنا محمود', '0596543210', 'rana@example.com'),
('خالد عمر', '0595432109', 'khaled@example.com');


INSERT INTO employee (name, salary, hire_date, role, store_id, warehouse_id) VALUES
('أحمد سمير', 5000.0, '2025-01-01', 'مدير', 1, NULL),
('سارة يوسف', 4500.0, '2025-02-01', 'مدير', 2, NULL),
('ياسر محمود', 3000.0, '2025-03-01', 'عامل مستودع', NULL, 1),
('ليلى زيد', 3500.0, '2025-04-01', 'كاشير', 1, NULL),
('عماد طارق', 3200.0, '2025-05-01', 'عامل مستودع', NULL, 2);

INSERT INTO product (name, price, stock_level, category_id, supplier_id, warehouse_id, expiration_date) VALUES
-- البان 1
('حليب طازج', 5.0, 100, 1, 1, 1, '2025-12-31'),
('حليب بالشوكلاتة ', 5.0, 100, 1, 1, 1, '2025-12-31'),
('حليب بالشوكلاتة ', 2.0, 100, 1, 1, 1, '2025-12-31'),
('فروت اب ', 2.0, 100, 1, 1, 1, '2025-12-31'),
('لبن اب ', 1.50, 100, 1, 1, 1, '2025-12-31'),
('لبنة ', 3.50, 100, 1, 1, 1, '2025-12-31'),
('لبن زبادي ', 4.0, 100, 1, 1, 1, '2025-12-31'),
('لبن ', 10.50, 100, 1, 1, 1, '2025-12-31'),
('لبن بالفراولة ', 2.50, 100, 1, 1, 1, '2025-12-31'),
('جبنة بيضاء ', 10.0, 100, 1, 1, 1, '2025-12-31'),
('زبدة', 3.0, 100, 1, 1, 1, '2025-12-31'),
-- مشروبات 2
('مياه معدنية', 2.0, 200, 2, 2, 2, NULL),
('عصير تفاح', 4.0, 80, 2, 2, 2, '2025-10-31'),
('عصير برتقال', 4.0, 80, 2, 2, 2, '2025-10-31'),
('عصير كيوي', 4.0, 80, 2, 2, 2, '2025-10-31'),
('قهوة مثلجة', 2.0, 80, 2, 2, 2, '2025-10-31'),
('قهوة مثلجة ', 4.0, 80, 2, 2, 2, '2025-10-31'),
('مشروب غازي', 1.0, 80, 2, 2, 2, '2025-10-31'),
('مشروب غازي', 1.0, 80, 2, 2, 2, '2025-10-31'),
('مشروب غازي', 1.0, 80, 2, 2, 2, '2025-10-31'),
('مشروب غازي', 1.0, 80, 2, 2, 2, '2025-10-31'),
('ماء  معدني', 8.0, 200, 2, 2, 2, NULL),

-- خضار 3
('خيار', 1.20, 150, 3, 3, 1, '2025-06-30'),
('طماطس', 2.5, 120, 3, 3, 1, '2025-06-30'),
('بطاطس', 2.0, 100, 3, 3, 2, '2025-07-31'),
('ليمون', 1.60, 100, 3, 3, 2, '2025-07-31'),
('جزر', 3.0, 100, 3, 3, 2, '2025-07-31'),
-- 3 فواكه
('تفاح', 1.0, 100, 3, 3, 2, '2025-07-31'),
('عنب', 1.0, 100, 3, 3, 2, '2025-07-31'),
('برتقال', 0.80, 100, 3, 3, 2, '2025-07-31'),
('موز', 0.50, 100, 3, 3, 2, '2025-07-31'),
-- اللحوم 4 
('لحم مفروم', 15.0, 90, 4, 4, 1, '2025-06-15'),
('نجت دجاج', 12.0, 90, 4, 4, 1, '2025-06-15'),
('نقانق', 8.0, 90, 4, 4, 1, '2025-06-15'),
('بطاطس مقلية مجمدة', 14.0, 90, 4, 4, 1, '2025-06-15'),
('توت اسود مجمدة', 7.0, 90, 4, 4, 1, '2025-06-15'),
('دجاج', 13.0, 90, 4, 4, 1, '2025-06-15'),
(' فراولة  مجمدة', 6.0, 90, 4, 4, 1, '2025-06-15'),
(' خضراوات مجمدة', 5.0, 90, 4, 4, 1, '2025-06-15'),
(' بامية مجمدة', 8.0, 90, 4, 4, 1, '2025-06-15'),

-- 5 السناكس 
('خبز محمص بالزعتر', 4.0, 90, 5, 5, 1, '2025-06-15'),
('خبز محمص بالخضار', 4.0, 90, 5, 5, 1, '2025-06-15'),
('بسكويت', 2.0, 90, 5, 5, 1, '2025-06-15'),
('بسكويت', 3.0, 90, 5, 5, 1, '2025-06-15'),
('شيبس فول سوداني', 2.0, 90, 5, 5, 1, '2025-06-15'),
('شيبس فلفل', 2.0, 90, 5, 5, 1, '2025-06-15'),
('شيبس جبنة', 2.0, 90, 5, 5, 1, '2025-06-15'),
('شيبس فلفل ملون', 2.0, 90, 5, 5, 1, '2025-06-15'),
('شيبس', 1.50, 90, 5, 5, 1, '2025-06-15'),
('شوكولاتة', 2.0, 90, 5, 5, 1, '2025-06-15'),
('بيجلا', 3.0, 90, 5, 5, 1, '2025-06-15'),

-- 6 مخبوزات 
('خبز أبيض', 1.5, 90, 6, 6, 1, '2025-06-15'),
('خبز شعير ', 6.0, 90, 6, 6, 1, '2025-06-15'),
('خبز البرجر', 7.5, 90, 6, 6, 1, '2025-06-15'),
('خبز التوست', 6.5, 90, 6, 6, 1, '2025-06-15'),
('خبز اسمر', 3.0, 90, 6, 6, 1, '2025-06-15'),
('خبز قمح', 5.0, 90, 6, 6, 1, '2025-06-15'),
('تورتيلا', 5.0, 90, 6, 6, 1, '2025-06-15'),
('خبز التوست', 6.0, 90, 6, 6, 1, '2025-06-15'),
('كرواسون', 3.0, 60, 6, 6, 1, '2025-06-15');

-- password : password123 , encrypted to :$2b$12$rnqSz6VyDv2vgmlnkxRz5uHhiGkCPvcEJlLxXacKda1X7NFHSqAum
INSERT INTO users (username, password, role, customer_id, employee_id) VALUES
('mohammad', '$2b$12$rnqSz6VyDv2vgmlnkxRz5uHhiGkCPvcEJlLxXacKda1X7NFHSqAum', 'customer', 1, NULL),
('fatima', '$2b$12$rnqSz6VyDv2vgmlnkxRz5uHhiGkCPvcEJlLxXacKda1X7NFHSqAum', 'customer', 2, NULL),
('ali', '$2b$12$rnqSz6VyDv2vgmlnkxRz5uHhiGkCPvcEJlLxXacKda1X7NFHSqAum', 'customer', 3, NULL),
('manager1', '$2b$12$rnqSz6VyDv2vgmlnkxRz5uHhiGkCPvcEJlLxXacKda1X7NFHSqAum', 'manager', NULL, 1),
('manager2', '$2b$12$rnqSz6VyDv2vgmlnkxRz5uHhiGkCPvcEJlLxXacKda1X7NFHSqAum', 'manager', NULL, 2);

INSERT INTO orders (customer_id, employee_id, OrderDate) VALUES
(1, 1, '2025-06-01'),
(2, 1, '2025-06-02'),
(3, 2, '2025-06-03'),
(4, 2, '2025-06-04'),
(5, 1, '2025-06-05');


INSERT INTO order_details (product_id, order_id, unitprice, quantity) VALUES
(1, 1, 5.0, 2),   -- حليب في الطلب 1
(3, 1, 2.0, 3),   -- مياه معدنية في الطلب 1
(2, 2, 10.0, 1),  -- جبنة بيضاء في الطلب 2
(4, 2, 4.0, 2),   -- عصير برتقال في الطلب 2
(5, 3, 3.0, 5),  -- خيار في الطلب 3
(7, 3, 1.5, 4),   -- خبز أبيض في الطلب 3
(6, 4, 2.5, 3),   -- طماطس في الطلب 4
(8, 4, 3.0, 2),   -- كرواسون في الطلب 4
(9, 5, 4.0, 2),   -- لبن زبادي في الطلب 5
(10, 5, 2.0, 5);  -- بطاطس في الطلب 5